id,label
u3610511,human
u5656162,human
u5682702,human
u6067292,human
u6015122,human
u6140012,human
u6134312,human
u6684602,human
u7046912,human
u7470952,human
u8072492,human
u8291932,human
u8858022,human
u8927532,human
u8933252,human
u9351052,human
u9564632,human
u9939012,human
u9993142,human
u10492262,human
u11176152,human
u13260592,human
u14057516,human
u14112759,human
u14492555,human
u14709812,human
u14865840,human
u14958182,human
u15016610,human
u15271419,human
u15391421,human
u15836275,human
u15873303,human
u16093829,human
u16591972,human
u16927266,human
u17654864,human
u17852114,human
u18173213,human
u18527544,human
u18671285,human
u18735790,human
u18800245,human
u19598248,human
u21102000,human
u21770069,human
u22015750,human
u22136015,human
u22203964,human
u22508731,human
u22627606,human
u22985259,human
u23748269,human
u23847948,human
u24352106,human
u24510304,human
u25442408,human
u25911628,human
u26232444,human
u26771352,human
u27241975,human
u27422705,human
u27636956,human
u27887098,human
u28313453,human
u28342883,human
u28363979,human
u28845598,human
u29500667,human
u29510629,human
u29646177,human
u30062603,human
u31102741,human
u31162918,human
u32025215,human
u32130104,human
u32204918,human
u33950570,human
u34355343,human
u34897604,human
u35737313,human
u36190135,human
u36381609,human
u36727238,human
u37539436,human
u37733715,human
u37889070,human
u37922072,human
u38002859,human
u38223194,human
u38730407,human
u38972677,human
u39721490,human
u39748948,human
u41780152,human
u41785738,human
u42676920,human
u42754744,human
u43069058,human
u43870029,human
u43964510,human
u44042861,human
u44335261,human
u44451302,human
u45100798,human
u45307775,human
u45529357,human
u45778279,human
u46137662,human
u46334699,human
u47612213,human
u48034707,human
u48182327,human
u48652450,human
u48989220,human
u49044510,human
u49319803,human
u49341424,human
u49934607,human
u49977491,human
u50571065,human
u50585331,human
u50589337,human
u50598277,human
u50619779,human
u50972738,human
u51005435,human
u51015996,human
u51037293,human
u51150318,human
u51738765,human
u51780170,human
u52157135,human
u53025684,human
u53027768,human
u53621838,human
u54556442,human
u54691030,human
u54864334,human
u54867711,human
u54911584,human
u55550359,human
u55590832,human
u55819049,human
u56326516,human
u56345134,human
u56466070,human
u56662794,human
u56706947,human
u56966762,human
u57365720,human
u57928664,human
u59083826,human
u59402800,human
u60508255,human
u61198155,human
u61452320,human
u61513445,human
u61794519,human
u62017536,human
u62364690,human
u63517006,human
u63822625,human
u64967572,human
u66092090,human
u67002064,human
u67006908,human
u69654626,human
u69843045,human
u69892452,human
u70735118,human
u71295474,human
u71336448,human
u71366031,human
u71495570,human
u71522541,human
u71582266,human
u72149178,human
u72314987,human
u72816504,human
u72890647,human
u72967193,human
u73627373,human
u73799359,human
u74147053,human
u74156552,human
u74486653,human
u74544145,human
u75270480,human
u75320990,human
u75386921,human
u75522479,human
u75777355,human
u76286424,human
u76982240,human
u77165019,human
u77243029,human
u77528520,human
u78116487,human
u78719596,human
u80000814,human
u81056258,human
u81218261,human
u81239268,human
u81352611,human
u81592426,human
u81680710,human
u81915249,human
u82068999,human
u82324675,human
u82837121,human
u83087554,human
u83236897,human
u83338869,human
u83581269,human
u84114885,human
u84214494,human
u84426046,human
u84561646,human
u84596057,human
u85184915,human
u85305729,human
u85391583,human
u85637186,human
u85668015,human
u85866409,human
u86036102,human
u86353404,human
u86525417,human
u86561552,human
u86612717,human
u86741673,human
u86981924,human
u87654715,human
u88528666,human
u89237976,human
u89734891,human
u91303893,human
u92225723,human
u92403540,human
u93259719,human
u93648877,human
u94841494,human
u95008519,human
u95243555,human
u95452901,human
u96338067,human
u96586973,human
u98481107,human
u98913291,human
u100459808,human
u100996879,human
u101503282,human
u102422355,human
u102760709,human
u103055195,human
u103304208,human
u104235671,human
u104566770,human
u104754590,human
u104770020,human
u104775098,human
u104818930,human
u104897833,human
u105128951,human
u105429377,human
u105496654,human
u106456147,human
u107216254,human
u107421428,human
u107990833,human
u108148833,human
u108557681,human
u109079114,human
u110273768,human
u110439086,human
u110942781,human
u111354131,human
u111924058,human
u112745297,human
u113487244,human
u113746083,human
u114467204,human
u114541436,human
u115340992,human
u115349856,human
u115955798,human
u116190007,human
u116538160,human
u117463248,human
u117708359,human
u117755159,human
u118024286,human
u118339229,human
u118898139,human
u119065059,human
u123582130,human
u123912727,human
u124439362,human
u124578978,human
u125088832,human
u126727689,human
u126737626,human
u128587032,human
u129214047,human
u129586152,human
u130766020,human
u131435310,human
u132104173,human
u132128902,human
u132182052,human
u132621562,human
u132888488,human
u132983450,human
u133447001,human
u134526134,human
u134803800,human
u135111235,human
u135248338,human
u135441917,human
u135525784,human
u135894129,human
u136622745,human
u136692380,human
u137390297,human
u138322603,human
u138438793,human
u138529938,human
u138867555,human
u140030010,human
u140191830,human
u140410819,human
u141669233,human
u142238323,human
u142335653,human
u143990497,human
u144207876,human
u144305807,human
u145748083,human
u146093361,human
u148536610,human
u149278846,human
u150026364,human
u150307637,human
u150983977,human
u151590831,human
u151602547,human
u151832482,human
u153094652,human
u153324815,human
u154267358,human
u154624409,human
u155845161,human
u157290467,human
u158859711,human
u159923003,human
u159931202,human
u160466484,human
u160883386,human
u161612145,human
u161845690,human
u163025432,human
u163354973,human
u163425928,human
u163932767,human
u164074870,human
u165042220,human
u165751518,human
u166094049,human
u168422352,human
u168761446,human
u170352080,human
u170384943,human
u170642321,human
u170649757,human
u170745775,human
u171422343,human
u173006814,human
u173164569,human
u173662542,human
u173788566,human
u174747861,human
u174762418,human
u176362396,human
u178507135,human
u181191549,human
u181477746,human
u182342223,human
u183148817,human
u183149280,human
u183201799,human
u183559621,human
u184102704,human
u184812764,human
u185390609,human
u187185454,human
u187491410,human
u189179659,human
u189263728,human
u190225727,human
u190569663,human
u190591610,human
u191391803,human
u191781461,human
u193657123,human
u193786482,human
u194232740,human
u194896850,human
u195322597,human
u195413637,human
u196514953,human
u196852073,human
u197027748,human
u197336556,human
u197347453,human
u198136015,human
u198196003,human
u198418075,human
u198678682,human
u199147059,human
u199597851,human
u200293129,human
u200482073,human
u201012406,human
u202244649,human
u202555952,human
u203107523,human
u204299339,human
u204480603,human
u206615715,human
u209128079,human
u209559462,human
u209733883,human
u210459173,human
u210483287,human
u210514893,human
u211487690,human
u211904475,human
u212175167,human
u212292079,human
u212724606,human
u212953427,human
u213061611,human
u215216086,human
u216361529,human
u216790973,human
u217350735,human
u218071279,human
u218092490,human
u219346690,human
u219617010,human
u221173559,human
u221690177,human
u221742699,human
u223533298,human
u223840972,human
u225045616,human
u225323618,human
u226197498,human
u226964193,human
u227817668,human
u228056042,human
u228306355,human
u228708687,human
u229298733,human
u229758375,human
u231058132,human
u231377654,human
u232560751,human
u233245609,human
u233287464,human
u234715592,human
u235303172,human
u237747438,human
u238107344,human
u240346934,human
u242064566,human
u242123621,human
u242301103,human
u242319331,human
u242341704,human
u243891976,human
u244625605,human
u245306807,human
u245430145,human
u245953131,human
u245970658,human
u246208736,human
u246886628,human
u249122012,human
u249692862,human
u250171190,human
u250842076,human
u250851165,human
u251313896,human
u251500925,human
u252516822,human
u252686122,human
u253281330,human
u254558097,human
u255656786,human
u256598881,human
u256689270,human
u257399906,human
u258762800,human
u259160079,human
u259428725,human
u259773527,human
u259894552,human
u259934562,human
u260636096,human
u260693820,human
u261223538,human
u262100774,human
u262165317,human
u262199092,human
u262235136,human
u262328083,human
u262898875,human
u263278290,human
u264333523,human
u264801154,human
u265419912,human
u265529493,human
u268773741,human
u269535022,human
u270472440,human
u271032827,human
u272876921,human
u273686840,human
u274536794,human
u279139861,human
u279147035,human
u279211405,human
u279461605,human
u279557700,human
u279644158,human
u282738890,human
u283521316,human
u283906965,human
u284481700,human
u284657297,human
u285724171,human
u286790717,human
u286798567,human
u287557719,human
u288148846,human
u288798453,human
u289859824,human
u290723075,human
u290734286,human
u291290779,human
u291314239,human
u291403211,human
u292565648,human
u292577710,human
u292912980,human
u293394867,human
u295168932,human
u295788103,human
u295961505,human
u296876973,human
u296999433,human
u298018338,human
u298459779,human
u298489056,human
u299837277,human
u299837762,human
u300796010,human
u300838107,human
u302114763,human
u305386550,human
u305553835,human
u305551682,human
u307790129,human
u308151060,human
u308672071,human
u309800578,human
u310250028,human
u310401703,human
u310496499,human
u311394394,human
u311505461,human
u314030119,human
u314922007,human
u315436528,human
u318661130,human
u319054277,human
u319091474,human
u320880780,human
u321266890,human
u321281383,human
u321425967,human
u322587980,human
u323379897,human
u323809354,human
u323937090,human
u324440293,human
u325551297,human
u326054560,human
u327397233,human
u327510902,human
u329008715,human
u329103684,human
u330202919,human
u330327779,human
u331312863,human
u331875962,human
u332389973,human
u332699729,human
u335208230,human
u335832794,human
u335837698,human
u336406661,human
u337161930,human
u338284756,human
u339058002,human
u340346783,human
u340364061,human
u340396112,human
u340951450,human
u341339579,human
u343307517,human
u343473585,human
u344525772,human
u346829273,human
u347274232,human
u348430064,human
u348981732,human
u349204176,human
u349626625,human
u349929809,human
u350160058,human
u350244854,human
u350791585,human
u351555225,human
u353011489,human
u353768504,human
u354796858,human
u354818247,human
u355600495,human
u357129429,human
u358733502,human
u359926634,human
u360547500,human
u361097511,human
u361746019,human
u361784332,human
u362993719,human
u363251033,human
u363830865,human
u364111442,human
u364277230,human
u364323869,human
u364776732,human
u364805437,human
u364851614,human
u365372541,human
u365383515,human
u365440652,human
u365622635,human
u365665311,human
u366116632,human
u367240411,human
u368540321,human
u368579486,human
u369537903,human
u370193929,human
u370625229,human
u370850929,human
u373579998,human
u373947833,human
u374062715,human
u374488191,human
u375209946,human
u376425777,human
u376677633,human
u376705770,human
u377304816,human
u377389027,human
u377914761,human
u378009515,human
u379114417,human
u379260334,human
u380015773,human
u380172348,human
u380319760,human
u381030516,human
u381666513,human
u381950248,human
u381960133,human
u382178634,human
u382271109,human
u383292062,human
u383387954,human
u383825758,human
u384753006,human
u384932218,human
u385868840,human
u386034126,human
u386779723,human
u387718926,human
u387971079,human
u388348486,human
u388842116,human
u389400082,human
u389652102,human
u389715862,human
u390428793,human
u390730174,human
u390759955,human
u390972554,human
u391362651,human
u391526633,human
u391572279,human
u391614396,human
u391924068,human
u392210280,human
u392247237,human
u392676979,human
u393628023,human
u393980520,human
u394004577,human
u394007331,human
u394217175,human
u394233142,human
u394628127,human
u394726610,human
u394814291,human
u395014721,human
u396173375,human
u396462550,human
u396515695,human
u396618509,human
u396625283,human
u396796142,human
u396898731,human
u396900261,human
u397236414,human
u397320325,human
u397324373,human
u397534181,human
u397629967,human
u398090733,human
u398442529,human
u399484359,human
u399572723,human
u400300086,human
u400546232,human
u400748069,human
u401423776,human
u401502696,human
u402866477,human
u402955893,human
u402979897,human
u403461794,human
u403766373,human
u404069171,human
u404987270,human
u405035087,human
u405140479,human
u405418046,human
u405574548,human
u406165467,human
u406162937,human
u406907214,human
u406962616,human
u407024811,human
u407101499,human
u407689676,human
u407844335,human
u407964674,human
u408087080,human
u408348854,human
u408466988,human
u409118790,human
u410044683,human
u410719897,human
u410941537,human
u411386883,human
u411410885,human
u412112516,human
u412145728,human
u412240393,human
u412325725,human
u412601262,human
u413233876,human
u413255529,human
u413269532,human
u413296140,human
u413332388,human
u413917055,human
u414966228,human
u415021649,human
u415063303,human
u415073613,human
u415630833,human
u415900150,human
u416157197,human
u416194495,human
u416351352,human
u416502198,human
u417190929,human
u417280214,human
u417735070,human
u417770099,human
u417807946,human
u417833332,human
u418024172,human
u418046391,human
u418140622,human
u418153325,human
u418247241,human
u418584043,human
u418641071,human
u418762910,human
u418986680,human
u419519797,human
u419617449,human
u419617600,human
u419672622,human
u420253558,human
u420995289,human
u421002902,human
u421346603,human
u421847529,human
u422807985,human
u422830732,human
u423021992,human
u423613846,human
u424265380,human
u424273053,human
u425223279,human
u425263052,human
u425380217,human
u425759519,human
u425840466,human
u425908255,human
u426044579,human
u426178907,human
u426531620,human
u427676471,human
u427674701,human
u428117425,human
u428202366,human
u428261162,human
u428263137,human
u428384851,human
u428904234,human
u428981185,human
u429262110,human
u429718007,human
u429808930,human
u432377556,human
u432624274,human
u433162117,human
u433304048,human
u433319326,human
u433546930,human
u433627975,human
u433984610,human
u434460614,human
u434591482,human
u434731905,human
u434826176,human
u434832805,human
u435224000,human
u435269515,human
u435327100,human
u435724709,human
u436612105,human
u436807160,human
u436961762,human
u437007483,human
u437363242,human
u437456557,human
u437783167,human
u438437579,human
u438484498,human
u438760662,human
u438756932,human
u439054192,human
u439062828,human
u718684188,human
u478994018,human
u984297403,human
u551056105,human
u439855752,human
u439875805,human
u479451474,human
u439972535,human
u440184518,human
u479677768,human
u440311767,human
u479725767,human
u722214212,human
u985509799,human
u551835101,human
u440691931,human
u551894180,human
u479832822,human
u986163288,human
u440858782,human
u722825599,human
u480279324,human
u552190256,human
u441483457,human
u986839782,human
u552577697,human
u552606214,human
u987068240,human
u442075220,human
u725675244,human
u480715104,human
u480790768,human
u726845964,human
u987656269,human
u553617306,human
u481632109,human
u481648575,human
u988985683,human
u444833485,human
u482086639,human
u554309481,human
u482131412,human
u482157356,human
u482162835,human
u731429204,human
u445345005,human
u482242692,human
u989622720,human
u989639142,human
u445761780,human
u446083368,human
u446143453,human
u733154665,human
u482981498,human
u446590484,human
u734619301,human
u483073065,human
u446987691,human
u991254878,human
u555420716,human
u447241184,human
u555906816,human
u483836463,human
u737616414,human
u484179231,human
u556794851,human
u484613799,human
u993583230,human
u557215750,human
u449219266,human
u485137549,human
u743284770,human
u557616612,human
u450054622,human
u744107612,human
u995452020,human
u485686619,human
u485713097,human
u450630648,human
u450747981,human
u450891761,human
u486198118,human
u451033303,human
u451370524,human
u451397835,human
u486598436,human
u558524379,human
u451597109,human
u486966473,human
u487416678,human
u750948720,human
u751241954,human
u452814756,human
u452828946,human
u453238264,human
u487969309,human
u753397160,human
u560223770,human
u1000486495,human
u560271082,human
u453885595,human
u488706826,human
u755737819,human
u454200724,human
u1001875776,human
u454318003,human
u560657748,human
u454914980,human
u1002533372,human
u489345934,human
u1003664215,human
u455266133,human
u455340385,human
u455651875,human
u455775628,human
u455979285,human
u761723172,human
u762202957,human
u1004883073,human
u562125685,human
u562250174,human
u1006095223,human
u456823762,human
u490625409,human
u765311754,human
u457775543,human
u491690867,human
u492177690,human
u564653953,human
u770176435,human
u492501987,human
u564963576,human
u459628045,human
u459646843,human
u459678083,human
u459680754,human
u1009413198,human
u1010619756,human
u566141260,human
u460985875,human
u493847017,human
u461010838,human
u566374197,human
u493941903,human
u494006512,human
u1011395167,human
u461425627,human
u494262961,human
u494266249,human
u567056353,human
u567155716,human
u567510788,human
u495045945,human
u495053365,human
u495077879,human
u462889040,human
u568453926,human
u462971394,human
u568473793,human
u495507361,human
u495731957,human
u568955495,human
u463246965,human
u1014830304,human
u496144150,human
u463889910,human
u496295496,human
u569879248,human
u496588802,human
u1015888195,human
u496968634,human
u464790896,human
u497125259,human
u464858061,human
u497258691,human
u497302053,human
u465298629,human
u1017813961,human
u465431316,human
u465433625,human
u571938412,human
u498042431,human
u498054058,human
u787115406,human
u498358491,human
u466489818,human
u466686655,human
u498814013,human
u466712165,human
u498826553,human
u466756548,human
u1020696912,human
u498935613,human
u1022226144,human
u573690882,human
u573749510,human
u791874462,human
u792462121,human
u792517914,human
u468198674,human
u499996521,human
u574385968,human
u500246041,human
u794406714,human
u574488060,human
u794598979,human
u795590899,human
u796144921,human
u501094162,human
u501128285,human
u469580096,human
u797833478,human
u470227974,human
u470232795,human
u470254611,human
u470379248,human
u502037826,human
u800130746,human
u800457696,human
u502315142,human
u470868745,human
u502774039,human
u1030992019,human
u1031110604,human
u503051163,human
u471093612,human
u801510450,human
u471203497,human
u1032386005,human
u503425054,human
u577422947,human
u1033055161,human
u471422290,human
u471533963,human
u471826933,human
u471992869,human
u578916985,human
u472765052,human
u472778739,human
u473043012,human
u506055335,human
u1037103888,human
u1037178583,human
u1037384052,human
u506501965,human
u581136968,human
u474043803,human
u581407038,human
u507498746,human
u1038384050,human
u1039093681,human
u813467726,human
u582954523,human
u509056809,human
u583205235,human
u509320296,human
u510047880,human
u1041823142,human
u1042842432,human
u476760491,human
u476800666,human
u585439502,human
u477006767,human
u1044916752,human
u512362882,human
u477309080,human
u585849333,human
u477552640,human
u512455607,human
u585968039,human
u477660093,human
u477824021,human
u1047668299,human
u586584556,human
u825336607,human
u513726022,human
u587326472,human
u587515464,human
u587569514,human
u1050665527,human
u827287514,human
u587665339,human
u1052685680,human
u829400054,human
u515271142,human
u831741072,human
u516038414,human
u834186096,human
u516737722,human
u516811154,human
u835249056,human
u835763546,human
u517073805,human
u517400735,human
u1058497004,human
u517883021,human
u838292834,human
u591104103,human
u1059054242,human
u841859053,human
u592579646,human
u1062916164,human
u593546714,human
u845102904,human
u1064278820,human
u1064992789,human
u594583577,human
u594651076,human
u594683175,human
u848909828,human
u522925470,human
u1065760964,human
u594960544,human
u523331583,human
u523680032,human
u595539789,human
u851233315,human
u524820621,human
u524836438,human
u852611210,human
u596540298,human
u1069178154,human
u597381176,human
u526482947,human
u855282331,human
u1070376564,human
u1070682204,human
u856270100,human
u1071137462,human
u857857747,human
u1072217274,human
u858190442,human
u528501469,human
u858836726,human
u599343100,human
u1074439423,human
u599940695,human
u600090702,human
u529563591,human
u529711103,human
u862068776,human
u862114981,human
u531280420,human
u601192738,human
u863369492,human
u601256893,human
u531442979,human
u531640494,human
u601810260,human
u602182097,human
u602212821,human
u1081092084,human
u533130509,human
u1082746016,human
u1082796816,human
u533552597,human
u1084115989,human
u603836322,human
u868645789,human
u868757713,human
u868906542,human
u535140940,human
u869587356,human
u535333357,human
u870391651,human
u1087095313,human
u605296679,human
u1089293960,human
u1089449275,human
u1090138922,human
u1091884188,human
u875972814,human
u538287562,human
u876501625,human
u608022298,human
u877925696,human
u878747629,human
u1095958825,human
u1096575422,human
u880855315,human
u609496197,human
u882148280,human
u540803768,human
u1099363334,human
u610747900,human
u610861270,human
u610896066,human
u885222252,human
u611783684,human
u542151024,human
u612645350,human
u613523546,human
u889616856,human
u613553896,human
u543842787,human
u1105975490,human
u544470195,human
u545269203,human
u545291748,human
u546039069,human
u546367438,human
u546885822,human
u1111771471,human
u547141135,human
u618038687,human
u547477084,human
u900040604,human
u618382051,human
u547680256,human
u547811916,human
u548605379,human
u548727018,human
u1116460440,human
u620243872,human
u1119028134,human
u621741580,human
u621971039,human
u622239105,human
u908843828,human
u1124327604,human
u624420623,human
u624543149,human
u1127430120,human
u913455692,human
u914725128,human
u1129520276,human
u915739543,human
u1130868744,human
u1130960574,human
u917243564,human
u1132376958,human
u918001130,human
u1133943835,human
u627845498,human
u918993840,human
u628453024,human
u920600658,human
u1137300811,human
u629661106,human
u631128691,human
u631876055,human
u632045063,human
u924714103,human
u632296235,human
u632419314,human
u632742781,human
u632805096,human
u633105430,human
u928712431,human
u1151295038,human
u636107261,human
u930035833,human
u932445193,human
u702445104,human
u702727668,human
u934466887,human
u934949900,human
u936597188,human
u705736374,human
u936902059,human
u706819428,human
u707526853,human
u708429391,human
u938838264,human
u939438061,human
u939617401,human
u711216631,human
u714240744,human
u1168487113,human
u716206832,human
u944648335,human
u944979661,human
u947255689,human
u1174404932,human
u1179541274,human
u951290342,human
u951523590,human
u952055166,human
u953315216,human
u1187572176,human
u1188730825,human
u955497098,human
u1189056510,human
u955806343,human
u1193292998,human
u958530558,human
u961125284,human
u962847698,human
u1204191037,human
u1204535834,human
u964996225,human
u1205795042,human
u1205923694,human
u968446106,human
u970505658,human
u971576125,human
u1216631100,human
u1219155151,human
u1219247983,human
u1219743308,human
u974171288,human
u974190704,human
u974558708,human
u976068038,human
u976844444,human
u977265403,human
u981556177,human
u15350901,human
u407818010,human
u422226730,human
u425138781,human
u120720544,human
u187536784,human
u197602470,human
u207070244,human
u216522413,human
u259680844,human
u301919327,human
u517625408,human
u327900613,human
u522582939,human
u541037205,human
u549083012,human
u558489220,human
u563022345,human
u604758810,human
u835342567,human
u1092912044,human
u1126202310,human
u9011502,human
u52491055,human
u55532545,human
u16043064,human
u20308222,human
u33747826,human
u45314390,human
u48665791,human
u52108988,human
u56697655,human
u83811813,human
u91866745,human
u111628975,human
u114849265,human
u154588620,human
u162092995,human
u168791182,human
u177299735,human
u179588209,human
u190383002,human
u197400952,human
u217533156,human
u222579656,human
u233959454,human
u248292381,human
u252688673,human
u255559955,human
u278618602,human
u295578583,human
u297012777,human
u305187907,human
u318949971,human
u320669433,human
u322051701,human
u327840186,human
u328706026,human
u333960904,human
u337321477,human
u372460791,human
u382247829,human
u418633045,human
u425241854,human
u453285193,human
u469128515,human
u490480487,human
u514338061,human
u521131145,human
u529342153,human
u546314660,human
u604518391,human
u630544784,human
u755461062,human
u755745950,human
u806660965,human
u809654154,human
u810793700,human
u903721722,human
u922305175,human
u925532102,human
u929410398,human
u961773920,human
u1021876490,human
u1096419414,human
u1125217129,human
u1127280169,human
u1156344000,human
u1169114810,human
u1212975186,human
u1213937306,human
u24503,human
u22903,human
u382393,human
u286543,human
u438023,human
u586003,human
u628563,human
u769985,human
u2007021,human
u2731681,human
u3909541,human
u5863152,human
u6082972,human
u6175692,human
u6196392,human
u6618042,human
u6677972,human
u7246122,human
u7527052,human
u7773732,human
u8029522,human
u9664862,human
u12179872,human
u12551742,human
u12700622,human
u12765892,human
u14321616,human
u14443340,human
u14561441,human
u15455450,human
u15453624,human
u15622858,human
u15788159,human
u15922136,human
u16002194,human
u16183526,human
u16270293,human
u16303802,human
u16649518,human
u17085112,human
u17283453,human
u17421795,human
u17426567,human
u17844234,human
u17992531,human
u18721974,human
u18874774,human
u19706832,human
u19701419,human
u19973780,human
u20303000,human
u20542869,human
u20681942,human
u21133252,human
u22015162,human
u22521283,human
u22598920,human
u22596491,human
u22624920,human
u22710614,human
u22752192,human
u22970058,human
u23770754,human
u24176877,human
u25046383,human
u25484842,human
u26261259,human
u27315878,human
u29742445,human
u31135311,human
u31379656,human
u33516491,human
u33679344,human
u34580222,human
u36286962,human
u37186955,human
u37204587,human
u39201963,human
u40337017,human
u43775439,human
u44358439,human
u44604091,human
u45110939,human
u45399578,human
u45562154,human
u45603460,human
u47588692,human
u47610275,human
u47708690,human
u49683347,human
u49726434,human
u49951518,human
u49961511,human
u50594775,human
u50606585,human
u50650272,human
u51065893,human
u51169895,human
u51484684,human
u52140322,human
u53400463,human
u56336047,human
u57573169,human
u58017998,human
u58436154,human
u60340425,human
u60490488,human
u63501503,human
u65402914,human
u67253599,human
u67887304,human
u68123840,human
u68800287,human
u68940614,human
u69575984,human
u70228722,human
u74861616,human
u76612795,human
u78845364,human
u82062642,human
u82118682,human
u84361482,human
u84543942,human
u84838434,human
u85850428,human
u86538176,human
u86626503,human
u86999643,human
u87029466,human
u90436636,human
u91696007,human
u93378883,human
u96114847,human
u96146127,human
u96360063,human
u96450599,human
u96454595,human
u96727791,human
u96737211,human
u98127075,human
u103087081,human
u105768989,human
u107193314,human
u107471115,human
u107991930,human
u108051742,human
u109651861,human
u109848907,human
u110177863,human
u111054613,human
u112232553,human
u112419862,human
u112986371,human
u113134931,human
u113971060,human
u114726248,human
u118241739,human
u118667244,human
u121045001,human
u122111595,human
u125622122,human
u125796953,human
u126065059,human
u126611558,human
u128857854,human
u129176007,human
u129515952,human
u131197741,human
u131202911,human
u131559802,human
u131636321,human
u132569641,human
u136368506,human
u139321563,human
u140527863,human
u142239909,human
u144226252,human
u145422178,human
u146215776,human
u149248959,human
u151607467,human
u152905850,human
u154197349,human
u154477852,human
u154547583,human
u156039467,human
u157042531,human
u157604170,human
u160557792,human
u163075114,human
u163479707,human
u167823878,human
u171640056,human
u171971541,human
u173411197,human
u174354016,human
u180573776,human
u180912768,human
u182511218,human
u183959464,human
u184048837,human
u184777483,human
u185178011,human
u185771893,human
u188047458,human
u188043254,human
u189152524,human
u192912616,human
u195763762,human
u196179205,human
u201724641,human
u202220813,human
u202326763,human
u203583202,human
u204444302,human
u204808236,human
u207138462,human
u207490418,human
u210525855,human
u211462267,human
u213981500,human
u214967682,human
u215992174,human
u217232725,human
u220859239,human
u221964205,human
u222893837,human
u223007169,human
u225060606,human
u226576785,human
u226923750,human
u228711740,human
u233533428,human
u233890781,human
u234430637,human
u237886553,human
u238505344,human
u242272799,human
u248134718,human
u252679829,human
u254602977,human
u255499265,human
u257111136,human
u257400824,human
u264133279,human
u265017059,human
u265731317,human
u267989312,human
u271374532,human
u272121120,human
u272911207,human
u275183383,human
u276983152,human
u281234838,human
u282523842,human
u283013230,human
u286690782,human
u286841761,human
u290147254,human
u290494853,human
u290585680,human
u291949510,human
u297023247,human
u299618434,human
u303061039,human
u304268784,human
u312691936,human
u317336535,human
u321282277,human
u326716112,human
u328117388,human
u331349150,human
u338966793,human
u342957744,human
u343931635,human
u344675728,human
u344780239,human
u344955391,human
u353254693,human
u353608206,human
u356979186,human
u359370934,human
u365993895,human
u370595287,human
u372786191,human
u374138547,human
u378814988,human
u379176983,human
u379296310,human
u379728710,human
u381384396,human
u383145557,human
u384547005,human
u384858886,human
u392094997,human
u393255100,human
u395890746,human
u397337275,human
u400741034,human
u400826236,human
u402034337,human
u405135128,human
u405611085,human
u406150965,human
u406923780,human
u407302551,human
u408637014,human
u409297732,human
u409503051,human
u410193975,human
u412604603,human
u421319874,human
u423410028,human
u423649561,human
u424920096,human
u425209420,human
u426932675,human
u428213157,human
u428259355,human
u428434740,human
u429414906,human
u433988089,human
u435045600,human
u437392860,human
u437721739,human
u550428173,human
u479506412,human
u440128266,human
u479815906,human
u986364644,human
u552027659,human
u724632068,human
u987245388,human
u442592200,human
u482148232,human
u446366385,human
u483227930,human
u483838785,human
u449195625,human
u995328134,human
u486991172,human
u487275447,human
u452726181,human
u453034522,human
u487880355,human
u754656198,human
u1001305494,human
u561814955,human
u766507921,human
u491275814,human
u491391312,human
u769388442,human
u564751387,human
u565292271,human
u493462829,human
u493919122,human
u462251578,human
u495378971,human
u464014539,human
u1017001452,human
u1018511592,human
u499717759,human
u573824373,human
u499933271,human
u469218793,human
u501066121,human
u469454275,human
u1028535421,human
u578266551,human
u504803459,human
u504944262,human
u475246008,human
u475693524,human
u819790166,human
u477087533,human
u515405009,human
u515909793,human
u833089766,human
u834141984,human
u525408377,human
u526702246,human
u602758496,human
u866254687,human
u535670031,human
u605521007,human
u536512353,human
u538395588,human
u607937852,human
u539143317,human
u543301439,human
u543727249,human
u614249086,human
u893784643,human
u898218318,human
u899934248,human
u621508569,human
u622618462,human
u916815853,human
u919599445,human
u629208634,human
u1147652996,human
u938775151,human
u947759960,human
u948165787,human
u955966339,human
u960978096,human
u962500717,human
u964327405,human
u968350345,human
u971643848,human
u974434579,human
u982398253,human
u982457101,human
u982676647,human
u11990112,human
u14474989,human
u14867242,human
u15530118,human
u17498356,human
u19861856,human
u22407164,human
u22600059,human
u22840934,human
u22994885,human
u30638954,human
u31107779,human
u45434489,human
u47081262,human
u47637732,human
u61728897,human
u72863207,human
u80849401,human
u91866630,human
u96109716,human
u118197667,human
u133387350,human
u206326866,human
u240173232,human
u240821668,human
u254497239,human
u281623827,human
u294182639,human
u305476548,human
u333412049,human
u339887833,human
u363161920,human
u394789922,human
u397034400,human
u425767265,human
u425878819,human
u443896569,human
u488525613,human
u583885189,human
u588147020,human
u614133542,human
u780431689,human
u791830218,human
u821873300,human
u832044601,human
u851100607,human
u890871740,human
u975603631,human
u980531466,human
u983033413,human
u1010894497,human
u39588706,human
u13972932,human
u90626911,human
u321257315,human
u370098498,bot
u37384589,bot
u72110028,bot
u82885728,bot
u110120789,bot
u134435538,bot
u195913271,bot
u252647855,bot
u290499654,bot
u303932719,bot
u349392750,bot
u475732319,bot
u616204178,bot
u616205123,bot
u616205288,bot
u616205957,bot
u616206143,bot
u616206149,bot
u616206200,bot
u616206215,bot
u616206269,bot
u616206275,bot
u616206311,bot
u616206386,bot
u616206452,bot
u616206464,bot
u616206467,bot
u616206563,bot
u616206614,bot
u616206626,bot
u616206631,bot
u616206656,bot
u616206664,bot
u616206769,bot
u616207079,bot
u616207376,bot
u616207430,bot
u616208212,bot
u616208980,bot
u616209703,bot
u616210015,bot
u616210814,bot
u616210933,bot
u616210993,bot
u616211005,bot
u616211029,bot
u616211149,bot
u616211257,bot
u616211458,bot
u616211479,bot
u616211512,bot
u616211704,bot
u616211779,bot
u616211792,bot
u616212091,bot
u616212148,bot
u616212203,bot
u616212268,bot
u616212298,bot
u616212355,bot
u616212358,bot
u616212964,bot
u616213459,bot
u616215005,bot
u616215302,bot
u616215323,bot
u616215454,bot
u616215784,bot
u616216289,bot
u616217255,bot
u616217345,bot
u616217624,bot
u616217714,bot
u616217762,bot
u616217828,bot
u616217858,bot
u616217867,bot
u616217939,bot
u616217972,bot
u616218053,bot
u616218281,bot
u616218317,bot
u616218326,bot
u616218377,bot
u616218482,bot
u616218488,bot
u616218557,bot
u616218743,bot
u616218776,bot
u616218845,bot
u616218947,bot
u616219076,bot
u616219148,bot
u616219172,bot
u616219193,bot
u616219253,bot
u616219256,bot
u616219507,bot
u616219633,bot
u616219676,bot
u616219790,bot
u616219802,bot
u616219883,bot
u616219934,bot
u616220039,bot
u616220111,bot
u616220140,bot
u616220327,bot
u616220383,bot
u616220414,bot
u616220423,bot
u616220519,bot
u616220543,bot
u616220612,bot
u616220681,bot
u616220743,bot
u616220864,bot
u616221038,bot
u616221044,bot
u616221088,bot
u616221151,bot
u616221152,bot
u616221239,bot
u616221350,bot
u616221404,bot
u616221593,bot
u616221623,bot
u616221632,bot
u616221752,bot
u616221758,bot
u616221794,bot
u616221926,bot
u616222001,bot
u616222051,bot
u616222118,bot
u616222247,bot
u616222397,bot
u616222607,bot
u616222681,bot
u616222720,bot
u616222768,bot
u616222814,bot
u616222831,bot
u616222843,bot
u616222864,bot
u616222988,bot
u616223065,bot
u616223147,bot
u616223167,bot
u616223195,bot
u616223302,bot
u616223419,bot
u616223567,bot
u616223591,bot
u616223636,bot
u616223671,bot
u616223692,bot
u616223734,bot
u616223872,bot
u616223887,bot
u616224011,bot
u616224049,bot
u616224076,bot
u616224125,bot
u616224133,bot
u616224313,bot
u616224374,bot
u616224547,bot
u616224637,bot
u616224676,bot
u616224700,bot
u616224764,bot
u616224899,bot
u616224925,bot
u616224959,bot
u616224988,bot
u616225009,bot
u616225018,bot
u616225051,bot
u616225061,bot
u616225156,bot
u616225373,bot
u616225381,bot
u616225411,bot
u616225472,bot
u616225522,bot
u616225564,bot
u616225699,bot
u616225709,bot
u616225861,bot
u616225891,bot
u616225900,bot
u616226164,bot
u616226180,bot
u616226258,bot
u616226398,bot
u616226518,bot
u616226519,bot
u616226596,bot
u616227250,bot
u616227283,bot
u616227352,bot
u616227397,bot
u616227442,bot
u616227469,bot
u616227562,bot
u616227574,bot
u616227617,bot
u616227622,bot
u616227842,bot
u616227895,bot
u616227958,bot
u616227970,bot
u616227982,bot
u616228012,bot
u616228258,bot
u616228429,bot
u616228510,bot
u616228561,bot
u616228655,bot
u616228657,bot
u616229068,bot
u616229203,bot
u616229272,bot
u616229482,bot
u616229522,bot
u616229738,bot
u616229767,bot
u616229867,bot
u616229977,bot
u616230280,bot
u616230346,bot
u616230356,bot
u616230368,bot
u616230379,bot
u616230458,bot
u616230506,bot
u616230529,bot
u616230704,bot
u616230778,bot
u616230896,bot
u616230997,bot
u616231067,bot
u616231144,bot
u616231375,bot
u616231447,bot
u616231544,bot
u616231558,bot
u616231564,bot
u616231565,bot
u616231585,bot
u616231654,bot
u616231691,bot
u616231795,bot
u616232053,bot
u616232251,bot
u616232257,bot
u616232503,bot
u616232512,bot
u616232630,bot
u616232782,bot
u616232875,bot
u616234888,bot
u616234909,bot
u616235260,bot
u616235338,bot
u616235776,bot
u616235842,bot
u616235848,bot
u616235884,bot
u616236079,bot
u616236223,bot
u616236808,bot
u616237568,bot
u616237669,bot
u616246319,bot
u616250278,bot
u616255096,bot
u616256389,bot
u616263058,bot
u616263295,bot
u616284135,bot
u616284570,bot
u616284642,bot
u616285149,bot
u616285401,bot
u616285659,bot
u616287318,bot
u616287324,bot
u616287345,bot
u616287447,bot
u616287579,bot
u616287621,bot
u616287702,bot
u616287960,bot
u616288152,bot
u616288341,bot
u616289460,bot
u616292463,bot
u616293207,bot
u616294011,bot
u616296594,bot
u616296954,bot
u616297194,bot
u616297275,bot
u616297320,bot
u616297401,bot
u616297419,bot
u616297983,bot
u616298199,bot
u616298418,bot
u616298625,bot
u616298739,bot
u616298784,bot
u616298811,bot
u616298898,bot
u616298907,bot
u616299006,bot
u616299078,bot
u616299144,bot
u616299231,bot
u616299315,bot
u616299405,bot
u616299435,bot
u616299456,bot
u616299501,bot
u616299531,bot
u616299576,bot
u616299699,bot
u616299930,bot
u616300029,bot
u616300071,bot
u616300077,bot
u616300113,bot
u616300149,bot
u616300368,bot
u616300512,bot
u616300515,bot
u616300602,bot
u616300605,bot
u616300671,bot
u616300719,bot
u616300785,bot
u616300803,bot
u616300830,bot
u616300842,bot
u616300911,bot
u616300920,bot
u616301001,bot
u616301016,bot
u616301049,bot
u616301106,bot
u616301190,bot
u616301301,bot
u616301307,bot
u616301361,bot
u616301619,bot
u616301763,bot
u616301904,bot
u616301934,bot
u616301994,bot
u616302027,bot
u616302072,bot
u616302333,bot
u616302336,bot
u616302444,bot
u616302717,bot
u616302756,bot
u616302783,bot
u616302786,bot
u616303158,bot
u616303560,bot
u616303596,bot
u616304112,bot
u616304133,bot
u616304159,bot
u616304394,bot
u616304430,bot
u616304457,bot
u616304544,bot
u616304775,bot
u616305144,bot
u616305351,bot
u616305396,bot
u616305756,bot
u616305963,bot
u616306023,bot
u616306101,bot
u616306719,bot
u616306866,bot
u616307286,bot
u616307780,bot
u616308033,bot
u616308387,bot
u616308495,bot
u616308801,bot
u616308894,bot
u616309005,bot
u616310157,bot
u616310415,bot
u616310538,bot
u616310832,bot
u616310931,bot
u616311015,bot
u616311330,bot
u616312179,bot
u616312188,bot
u616312189,bot
u616312242,bot
u616312341,bot
u616312653,bot
u616312923,bot
u616313055,bot
u616313064,bot
u616313250,bot
u616313439,bot
u616317946,bot
u616319798,bot
u616322025,bot
u616325196,bot
u616328439,bot
u616331366,bot
u616337604,bot
u616341300,bot
u616349387,bot
u616354262,bot
u616354323,bot
u616361034,bot
u616361119,bot
u616381786,bot
u616382202,bot
u616382834,bot
u616384499,bot
u616385430,bot
u616385880,bot
u616386285,bot
u616387208,bot
u616392153,bot
u616393718,bot
u616394423,bot
u616394546,bot
u616399998,bot
u616400521,bot
u616401471,bot
u616414201,bot
u616424372,bot
u616437167,bot
u616438276,bot
u616438405,bot
u616441910,bot
u616448213,bot
u616448932,bot
u616450260,bot
u616450851,bot
u616453399,bot
u616453934,bot
u616455360,bot
u616468106,bot
u616469172,bot
u616492456,bot
u616497995,bot
u616500089,bot
u616500983,bot
u616507933,bot
u616512300,bot
u616512844,bot
u616515191,bot
u616517540,bot
u616520119,bot
u616524118,bot
u616535986,bot
u616538559,bot
u616543172,bot
u616544230,bot
u616544238,bot
u616544478,bot
u616544491,bot
u616550352,bot
u616553484,bot
u616560235,bot
u616561810,bot
u616566914,bot
u616572184,bot
u616575636,bot
u616579375,bot
u616583718,bot
u616594567,bot
u616595506,bot
u616596061,bot
u616596310,bot
u616597381,bot
u616598289,bot
u616613637,bot
u616616079,bot
u616616287,bot
u616620118,bot
u616621744,bot
u616626990,bot
u616627945,bot
u616632879,bot
u616633553,bot
u616634356,bot
u616635449,bot
u616635785,bot
u616635895,bot
u616636835,bot
u616640000,bot
u616641964,bot
u616646437,bot
u616648049,bot
u616648771,bot
u616650103,bot
u616663989,bot
u616668989,bot
u616681075,bot
u616684038,bot
u616684545,bot
u616685497,bot
u616687449,bot
u616687643,bot
u616688199,bot
u616699097,bot
u616709340,bot
u616710259,bot
u616713916,bot
u616714447,bot
u616723348,bot
u616726886,bot
u616727070,bot
u616730427,bot
u616736089,bot
u616746245,bot
u616750047,bot
u616753922,bot
u616755124,bot
u616755311,bot
u616757321,bot
u616758171,bot
u616761571,bot
u616764807,bot
u616767002,bot
u616768101,bot
u616772277,bot
u616774511,bot
u616777049,bot
u616779519,bot
u616781647,bot
u616788069,bot
u616791162,bot
u616791834,bot
u616792194,bot
u616795584,bot
u616798827,bot
u616799004,bot
u616799347,bot
u616804331,bot
u616804514,bot
u616805636,bot
u616806334,bot
u616807239,bot
u616810995,bot
u616821172,bot
u616821476,bot
u616821628,bot
u616823592,bot
u616824681,bot
u616833719,bot
u616841344,bot
u616843743,bot
u616851701,bot
u616851924,bot
u616853412,bot
u616853863,bot
u616854398,bot
u616855379,bot
u616862788,bot
u616865446,bot
u616870615,bot
u616871628,bot
u616872091,bot
u616873653,bot
u616874546,bot
u616875423,bot
u616876048,bot
u616880011,bot
u616880989,bot
u616881617,bot
u616882733,bot
u616884430,bot
u616887730,bot
u616891343,bot
u616891504,bot
u616891841,bot
u616892262,bot
u616893835,bot
u616894477,bot
u616897238,bot
u616897643,bot
u616901659,bot
u616903526,bot
u616904387,bot
u616905825,bot
u616906634,bot
u616908229,bot
u616910707,bot
u616914106,bot
u616916468,bot
u616916922,bot
u616920480,bot
u616923983,bot
u616929422,bot
u616931759,bot
u616933132,bot
u616934154,bot
u616937163,bot
u616940681,bot
u616944056,bot
u616945290,bot
u616949452,bot
u616950850,bot
u616956439,bot
u616956640,bot
u616957257,bot
u616964543,bot
u616965906,bot
u616971945,bot
u616972396,bot
u616973721,bot
u616975862,bot
u616976208,bot
u616977419,bot
u616977639,bot
u616977822,bot
u616980013,bot
u616988044,bot
u616989279,bot
u616990658,bot
u616991197,bot
u616991321,bot
u616993101,bot
u616997089,bot
u616998237,bot
u616998587,bot
u617007034,bot
u617010578,bot
u617011109,bot
u617012769,bot
u617017911,bot
u617020095,bot
u617020884,bot
u617021605,bot
u617025213,bot
u617025589,bot
u617029885,bot
u617031641,bot
u617034173,bot
u617047718,bot
u617051815,bot
u617053599,bot
u617055658,bot
u617060374,bot
u617068979,bot
u617071743,bot
u617072174,bot
u617073588,bot
u617078388,bot
u617079088,bot
u617081967,bot
u617087922,bot
u617096196,bot
u617096445,bot
u617096658,bot
u617105824,bot
u617106191,bot
u617110506,bot
u617110971,bot
u617111228,bot
u617112977,bot
u617128027,bot
u617128626,bot
u617130613,bot
u617132436,bot
u617155487,bot
u617170338,bot
u617173576,bot
u617176526,bot
u617177639,bot
u617179003,bot
u617198204,bot
u617203363,bot
u617214370,bot
u617228152,bot
u617228381,bot
u617233852,bot
u617234497,bot
u617236155,bot
u617236411,bot
u617238800,bot
u617240486,bot
u617241478,bot
u617244370,bot
u617245921,bot
u617247139,bot
u617254082,bot
u617257148,bot
u617262093,bot
u617269412,bot
u617273229,bot
u617275365,bot
u617276858,bot
u617279043,bot
u617279109,bot
u617279835,bot
u617280711,bot
u617284243,bot
u617284591,bot
u617289713,bot
u617293369,bot
u617294403,bot
u617299004,bot
u617299578,bot
u617301783,bot
u617303057,bot
u617306425,bot
u617309307,bot
u617311261,bot
u617311634,bot
u617313262,bot
u617313448,bot
u617314330,bot
u617315471,bot
u617316416,bot
u617316577,bot
u617320424,bot
u617324026,bot
u617330065,bot
u617331506,bot
u617341446,bot
u617342164,bot
u617342501,bot
u617342909,bot
u617343116,bot
u617351701,bot
u617356028,bot
u617359641,bot
u617367702,bot
u617368489,bot
u617369459,bot
u617369720,bot
u617373484,bot
u617373638,bot
u617377479,bot
u617380246,bot
u617386858,bot
u617389950,bot
u617390783,bot
u617392176,bot
u617396030,bot
u617396809,bot
u617398277,bot
u617400276,bot
u617409472,bot
u617410411,bot
u617419878,bot
u617429491,bot
u617430051,bot
u617437469,bot
u617438377,bot
u617445392,bot
u617446883,bot
u617447770,bot
u617448956,bot
u617450488,bot
u617451689,bot
u617452824,bot
u617453394,bot
u617455882,bot
u617456450,bot
u617458994,bot
u617461581,bot
u617462256,bot
u617467087,bot
u617469944,bot
u617471280,bot
u617473160,bot
u617477009,bot
u617486653,bot
u617487586,bot
u617490522,bot
u617492364,bot
u617494611,bot
u617506290,bot
u617508178,bot
u617510269,bot
u617524589,bot
u617534754,bot
u617538588,bot
u617539440,bot
u617541822,bot
u617544722,bot
u617547588,bot
u617556297,bot
u617556760,bot
u617557216,bot
u617557497,bot
u617557720,bot
u617560837,bot
u617564443,bot
u617572647,bot
u617575079,bot
u617578514,bot
u617578990,bot
u617584099,bot
u617588987,bot
u617590863,bot
u617596453,bot
u617596978,bot
u617597399,bot
u617602159,bot
u617602292,bot
u617605452,bot
u617608341,bot
u617617075,bot
u617617449,bot
u617617831,bot
u617618173,bot
u617620704,bot
u617622359,bot
u617627840,bot
u617629294,bot
u617629634,bot
u617630300,bot
u617632957,bot
u617633344,bot
u617638457,bot
u617639339,bot
u617641534,bot
u617647029,bot
u617647398,bot
u617662277,bot
u617668598,bot
u617670195,bot
u617677309,bot
u617678355,bot
u617679199,bot
u617679830,bot
u617680640,bot
u617684430,bot
u617688070,bot
u617689102,bot
u617690311,bot
u617692004,bot
u617694691,bot
u617695084,bot
u617695825,bot
u617696176,bot
u617697354,bot
u617706549,bot
u617710286,bot
u617712875,bot
u617715995,bot
u617716439,bot
u617718785,bot
u617721248,bot
u617721359,bot
u617727291,bot
u617732455,bot
u617733045,bot
u617733611,bot
u617733670,bot
u617736616,bot
u617736822,bot
u617739091,bot
u617739493,bot
u617742720,bot
u617745271,bot
u617746912,bot
u617747498,bot
u617748382,bot
u617751431,bot
u617758666,bot
u617758824,bot
u617763402,bot
u617764330,bot
u617766838,bot
u617767432,bot
u617772457,bot
u617778071,bot
u617779102,bot
u617784376,bot
u617785240,bot
u617788541,bot
u617790932,bot
u617796849,bot
u617801213,bot
u617806373,bot
u617808561,bot
u617813940,bot
u617817961,bot
u617818221,bot
u617821434,bot
u617821602,bot
u617824218,bot
u617824831,bot
u617825921,bot
u617828146,bot
u617829994,bot
u617830441,bot
u617831099,bot
u617831397,bot
u617836708,bot
u617837077,bot
u617840952,bot
u617843808,bot
u617852382,bot
u617859807,bot
u617859996,bot
u617863521,bot
u617867481,bot
u617882454,bot
u617888487,bot
u617898741,bot
u617916495,bot
u618134374,bot
u618136325,bot
u618145336,bot
u618153400,bot
u618167879,bot
u618186707,bot
u618195959,bot
u618205912,bot
u618208393,bot
u618211732,bot
u618211955,bot
u618215489,bot
u618220272,bot
u618223383,bot
u618229129,bot
u618239464,bot
u618249107,bot
u618249287,bot
u618262473,bot
u618273875,bot
u618277797,bot
u618278395,bot
u618326816,bot
u618348025,bot
u618349118,bot
u618350688,bot
u618372072,bot
u618372217,bot
u618393696,bot
u618404984,bot
u618415967,bot
u618422144,bot
u618438937,bot
u618460019,bot
u618461223,bot
u618469145,bot
u618479530,bot
u618493837,bot
u618499240,bot
u618500176,bot
u618505565,bot
u618514755,bot
u618529778,bot
u618532500,bot
u618549078,bot
u618565558,bot
u618575022,bot
u618595696,bot
u618615426,bot
u618622204,bot
u618641697,bot
u618689737,bot
u618739511,bot
u618752804,bot
u618758991,bot
u618803772,bot
u618844802,bot
u618853944,bot
u618886449,bot
u618887115,bot
u618891870,bot
u618928185,bot
u618945206,bot
u618945271,bot
u618949013,bot
u618981957,bot
u618982638,bot
u618985700,bot
u618997000,bot
u619018390,bot
u619020183,bot
u619048475,bot
u619080462,bot
u619085463,bot
u619118183,bot
u619165723,bot
u619187098,bot
u619219990,bot
u619225021,bot
u619231739,bot
u619235948,bot
u619249498,bot
u619266193,bot
u619271078,bot
u619305569,bot
u619308922,bot
u619324942,bot
u619338696,bot
u619348972,bot
u619363108,bot
u619369704,bot
u619387779,bot
u619406337,bot
u619411152,bot
u619418083,bot
u619418971,bot
u619422439,bot
u619441415,bot
u619441439,bot
u619445404,bot
u619448053,bot
u619456829,bot
u619463113,bot
u619466144,bot
u619468845,bot
u619472899,bot
u619512380,bot
u619513437,bot
u619522365,bot
u619525029,bot
u619542769,bot
u619552741,bot
u619563674,bot
u619564441,bot
u619583763,bot
u619586346,bot
u619588265,bot
u619598059,bot
u619613905,bot
u619650419,bot
u619653817,bot
u619664425,bot
u619668267,bot
u619683215,bot
u619702965,bot
u619723557,bot
u619727032,bot
u619735156,bot
u619784136,bot
u619792617,bot
u619810380,bot
u619839626,bot
u619871782,bot
u619912196,bot
u619917749,bot
u619976364,bot
u620060059,bot
u620111964,bot
u620112188,bot
u620137618,bot
u620156433,bot
u620175784,bot
u620220804,bot
u620250979,bot
u620258805,bot
u620259574,bot
u620320700,bot
u620332636,bot
u620350001,bot
u620419987,bot
u620421877,bot
u620466927,bot
u620474586,bot
u620475728,bot
u620515439,bot
u620518627,bot
u620519953,bot
u620525418,bot
u620575386,bot
u620598613,bot
u620687869,bot
u620696383,bot
u620739715,bot
u620753960,bot
u620758404,bot
u620765352,bot
u620776121,bot
u620777740,bot
u620832986,bot
u620840216,bot
u620896239,bot
u621265026,bot
u621309649,bot
u621316184,bot
u621325296,bot
u621364003,bot
u621377933,bot
u621412482,bot
u621412525,bot
u621414410,bot
u621427868,bot
u621502353,bot
u621554804,bot
u621555892,bot
u621576164,bot
u621705147,bot
u621733211,bot
u621834892,bot
u621874598,bot
u621960147,bot
u621962667,bot
u622073942,bot
u622104551,bot
u622111989,bot
u622255721,bot
u622286034,bot
u622304985,bot
u622329814,bot
u622357843,bot
u622366249,bot
u622375535,bot
u622493112,bot
u622524146,bot
u622545293,bot
u622572415,bot
u622589126,bot
u622736222,bot
u622793906,bot
u622856954,bot
u622865278,bot
u622866052,bot
u622928583,bot
u623013588,bot
u623145487,bot
u623495065,bot
u708519985,bot
u708529440,bot
u708650725,bot
u708666768,bot
u708676321,bot
u708730298,bot
u708732794,bot
u708947054,bot
u709010197,bot
u709026824,bot
u709094335,bot
u709158032,bot
u709268803,bot
u709338218,bot
u709392979,bot
u709542337,bot
u709547976,bot
u709554859,bot
u709713920,bot
u710092674,bot
u710176700,bot
u710386668,bot
u710457199,bot
u710501431,bot
u710621238,bot
u710814337,bot
u710998206,bot
u711055747,bot
u711073873,bot
u711117829,bot
u711397128,bot
u711459554,bot
u711678624,bot
u712314872,bot
u712317120,bot
u712468867,bot
u712628232,bot
u713127517,bot
u713380862,bot
u713491500,bot
u713886110,bot
u714583566,bot
u715004359,bot
u716053231,bot
u716289278,bot
u716446483,bot
u716451656,bot
u716465820,bot
u716470938,bot
u716473104,bot
u716647831,bot
u716723184,bot
u716803351,bot
u771657486,bot
u773903504,bot
u1204959372,bot
u1204965055,bot
u1205018334,bot
u1205024066,bot
u1205050022,bot
u1205078954,bot
u1205093317,bot
u1205108125,bot
u1207752978,bot
u1207753332,bot
u1207835467,bot
u1207857181,bot
u1207879530,bot
u1207900272,bot
u1208020117,bot
u1208024365,bot
u1208037522,bot
u1208089177,bot
u1208100925,bot
u1208102538,bot
u1208119178,bot
u1208193505,bot
u1208221152,bot
u1208229229,bot
u1208259276,bot
u1208281129,bot
u1208295348,bot
u1208381976,bot
u1208394786,bot
u1208404442,bot
u1208410542,bot
u1208423114,bot
u1208435030,bot
u1208439134,bot
u1208441712,bot
u1208474348,bot
u1208528096,bot
u1208581088,bot
u1208591268,bot
u1208622896,bot
u1208624760,bot
u1208639550,bot
u1208650584,bot
u1208654004,bot
u1208662998,bot
u1208689016,bot
u1208702066,bot
u1208757007,bot
u1208801689,bot
u1208844938,bot
u1208880902,bot
u1208895733,bot
u1208904374,bot
u1208920537,bot
u1208944405,bot
u1208952572,bot
u1208967781,bot
u1209008419,bot
u1209104268,bot
u1209147012,bot
u1209174511,bot
u1209191443,bot
u1212870672,bot
u1213023985,bot
u1213030910,bot
u1213131912,bot
u1213170564,bot
u1213311368,bot
u1213430952,bot
u1213479486,bot
u1213492392,bot
u1213549526,bot
u1218031976,bot
u1218232802,bot
u1218429127,bot
u1218517542,bot
u1218559916,bot
u1218920694,bot
u1219039568,bot
u1366784677,bot
u1366923541,bot
u1367040230,bot
u1367487373,bot
u1367856896,bot
u1368084582,bot
u1368097362,bot
u1368116864,bot
u1368184886,bot
u1368715160,bot
u1369249873,bot
u1369408290,bot
u1369480706,bot
u1369749661,bot
u1370348599,bot
u1370501162,bot
u1370681630,bot
u1370734512,bot
u1370781445,bot
u1371350634,bot
u1372398396,bot
u1372493953,bot
u1372652504,bot
u1373071759,bot
u1373326866,bot
u1373450377,bot
u1373569838,bot
u1373615816,bot
u1373641104,bot
u1374094274,bot
u1374103256,bot
u1374225350,bot
u1374591816,bot
u1374959215,bot
u1380853662,bot
u1380948325,bot
u1381040010,bot
u1381069658,bot
u1381167558,bot
u1381246512,bot
u1381363692,bot
u1381459980,bot
u1381512248,bot
u1381607736,bot
u1381744988,bot
u1381913143,bot
u1382419244,bot
u1383712140,bot
u1385228084,bot
u1385297372,bot
u1386172154,bot
u1386519432,bot
u1386549638,bot
u1386619668,bot
u1387393236,bot
u1387417639,bot
u1387702238,bot
u1388028872,bot
u1388819528,bot
u1391378610,bot
u1391497074,bot
u1391544607,bot
u1391622127,bot
u1391832212,bot
u1391998039,bot
u80479674,bot
u82487179,bot
u105830531,bot
u114488344,bot
u123222267,bot
u144602443,bot
u212958140,bot
u278082770,bot
u367651000,bot
u599789901,bot
u10935572,bot
u16119337,bot
u16753788,bot
u17640121,bot
u17656600,bot
u19230427,bot
u19951698,bot
u20726266,bot
u20731719,bot
u21196037,bot
u21365952,bot
u21375100,bot
u21706899,bot
u21972434,bot
u25836383,bot
u26778002,bot
u27662686,bot
u28222509,bot
u28265406,bot
u28843786,bot
u29940598,bot
u30428221,bot
u30993019,bot
u31776715,bot
u32179000,bot
u33438880,bot
u33869550,bot
u34461690,bot
u34589722,bot
u34762630,bot
u35008954,bot
u35959749,bot
u36299291,bot
u36943266,bot
u38021637,bot
u38520305,bot
u39321660,bot
u39328305,bot
u39413961,bot
u40010436,bot
u42570158,bot
u44091292,bot
u45107336,bot
u45954898,bot
u46071929,bot
u46553408,bot
u46609919,bot
u47497854,bot
u47722321,bot
u48109055,bot
u48336195,bot
u48364513,bot
u48638750,bot
u50055682,bot
u50342870,bot
u50449844,bot
u50613517,bot
u50660716,bot
u51184465,bot
u52346698,bot
u53671214,bot
u54047372,bot
u54244742,bot
u55197144,bot
u55398486,bot
u55639200,bot
u55825155,bot
u55962452,bot
u56163699,bot
u56232036,bot
u56484656,bot
u57475867,bot
u57697039,bot
u57710065,bot
u57757511,bot
u58384179,bot
u58524901,bot
u58954460,bot
u59568791,bot
u59989426,bot
u60018650,bot
u60257479,bot
u60346119,bot
u60375971,bot
u61858165,bot
u62204600,bot
u62969150,bot
u63417814,bot
u63471589,bot
u63478699,bot
u64110707,bot
u64891773,bot
u64968114,bot
u65319316,bot
u66618364,bot
u66618584,bot
u66984417,bot
u67041122,bot
u67828913,bot
u67856562,bot
u67946273,bot
u68524294,bot
u69137598,bot
u69406812,bot
u69412978,bot
u69763238,bot
u70277715,bot
u70468385,bot
u72024595,bot
u72186699,bot
u72348749,bot
u72835654,bot
u72849399,bot
u72852291,bot
u73473444,bot
u73766975,bot
u75683534,bot
u75807122,bot
u75921800,bot
u76361849,bot
u77243796,bot
u77293750,bot
u77334182,bot
u77350242,bot
u77413855,bot
u77443610,bot
u77668831,bot
u78468090,bot
u79015296,bot
u79749293,bot
u79860976,bot
u80194139,bot
u82100136,bot
u82122078,bot
u82529943,bot
u82839114,bot
u83293188,bot
u83697927,bot
u83895093,bot
u84539426,bot
u87752806,bot
u88517573,bot
u88563527,bot
u88697962,bot
u88866261,bot
u89225998,bot
u89799649,bot
u89963109,bot
u91067394,bot
u91350980,bot
u91781300,bot
u92048929,bot
u92525390,bot
u92767071,bot
u93225500,bot
u94244578,bot
u94528740,bot
u95439836,bot
u95602959,bot
u95695519,bot
u95782748,bot
u96123681,bot
u96487747,bot
u96730829,bot
u96871607,bot
u96882337,bot
u96917059,bot
u97275343,bot
u97859473,bot
u97904722,bot
u99268708,bot
u99469213,bot
u99624861,bot
u100219528,bot
u100370448,bot
u101330413,bot
u101399567,bot
u101573373,bot
u101892747,bot
u102336226,bot
u102701930,bot
u103159736,bot
u104657589,bot
u104850934,bot
u105510200,bot
u105696650,bot
u105748476,bot
u105790281,bot
u106193762,bot
u106595346,bot
u106622116,bot
u107013897,bot
u107914508,bot
u108061353,bot
u108133351,bot
u108581391,bot
u109066883,bot
u109075883,bot
u109553706,bot
u110875970,bot
u110962110,bot
u111198123,bot
u112131340,bot
u112188483,bot
u112200531,bot
u112540516,bot
u113856083,bot
u113971880,bot
u114099935,bot
u115443974,bot
u116265574,bot
u116397637,bot
u118061444,bot
u118120588,bot
u119227710,bot
u119926900,bot
u120459203,bot
u120877377,bot
u120957631,bot
u121102940,bot
u121197358,bot
u121309790,bot
u121480993,bot
u121795261,bot
u122075266,bot
u122511648,bot
u122963011,bot
u123358291,bot
u123599990,bot
u123952912,bot
u124419079,bot
u124447429,bot
u124964940,bot
u125514462,bot
u125528862,bot
u126216653,bot
u126984069,bot
u127375715,bot
u127423382,bot
u128278995,bot
u128595293,bot
u128620164,bot
u128933295,bot
u129729416,bot
u129899218,bot
u129966583,bot
u130303998,bot
u132278621,bot
u132494511,bot
u133434448,bot
u133762771,bot
u134332869,bot
u134678238,bot
u135026061,bot
u135555380,bot
u135637721,bot
u135680610,bot
u136277724,bot
u137515361,bot
u137959629,bot
u138190464,bot
u138211958,bot
u139270785,bot
u140176665,bot
u140200549,bot
u141394735,bot
u141711158,bot
u141886393,bot
u142150030,bot
u142876983,bot
u143972736,bot
u144038714,bot
u144748986,bot
u145022907,bot
u145602813,bot
u146367402,bot
u146913214,bot
u147107988,bot
u147266930,bot
u147813988,bot
u147847633,bot
u147852405,bot
u147954455,bot
u148151604,bot
u148896431,bot
u150524058,bot
u150861478,bot
u151474227,bot
u152259498,bot
u152846674,bot
u153575796,bot
u153824393,bot
u153921560,bot
u154029272,bot
u154237500,bot
u154283899,bot
u154527192,bot
u154856763,bot
u155102693,bot
u155644172,bot
u156085716,bot
u156213843,bot
u156242211,bot
u157371153,bot
u157614264,bot
u157769562,bot
u157864555,bot
u158369900,bot
u158376605,bot
u158541730,bot
u159719768,bot
u160457617,bot
u160574022,bot
u161085466,bot
u161291774,bot
u161473116,bot
u162039067,bot
u163142123,bot
u164176771,bot
u164239619,bot
u164432890,bot
u164508239,bot
u166324591,bot
u166737008,bot
u167566699,bot
u168287685,bot
u168686865,bot
u168773175,bot
u168872531,bot
u169141228,bot
u169147207,bot
u169433349,bot
u169474438,bot
u169497745,bot
u170144297,bot
u170486247,bot
u171066133,bot
u171081216,bot
u171990690,bot
u172164229,bot
u173215914,bot
u174036384,bot
u176096243,bot
u176506844,bot
u176509349,bot
u176736646,bot
u177878468,bot
u178366319,bot
u179662214,bot
u181225107,bot
u182071638,bot
u183580684,bot
u183733336,bot
u184821868,bot
u184849544,bot
u184922888,bot
u184988281,bot
u185933483,bot
u186476710,bot
u186690040,bot
u187581447,bot
u189015964,bot
u189040110,bot
u189211293,bot
u189730759,bot
u189972024,bot
u190265169,bot
u190493618,bot
u190796770,bot
u191725589,bot
u192193390,bot
u192269471,bot
u193607094,bot
u194026156,bot
u195541103,bot
u195625268,bot
u195874688,bot
u196198266,bot
u197659647,bot
u197989988,bot
u198243810,bot
u198277538,bot
u198414396,bot
u198572784,bot
u198833831,bot
u199173600,bot
u199815995,bot
u199843531,bot
u200238543,bot
u201190422,bot
u201350011,bot
u201434721,bot
u202155524,bot
u202440814,bot
u202511395,bot
u202886194,bot
u202902437,bot
u203226319,bot
u206739703,bot
u207293756,bot
u208286245,bot
u209169103,bot
u210428729,bot
u211026468,bot
u212928560,bot
u214066953,bot
u214549887,bot
u214632102,bot
u214998068,bot
u215154980,bot
u215766919,bot
u215878258,bot
u216039493,bot
u216081230,bot
u217055469,bot
u217230913,bot
u217298740,bot
u217992483,bot
u220448882,bot
u220933018,bot
u221009412,bot
u222154371,bot
u222293510,bot
u223329964,bot
u223980471,bot
u224567425,bot
u225956521,bot
u227650216,bot
u227811080,bot
u228148311,bot
u228564932,bot
u228720947,bot
u229243865,bot
u229286608,bot
u229906054,bot
u230030181,bot
u231035428,bot
u233145356,bot
u233332129,bot
u233655084,bot
u233688028,bot
u233884874,bot
u234587511,bot
u236623139,bot
u237036122,bot
u237411569,bot
u238189223,bot
u238531661,bot
u239312585,bot
u239525864,bot
u239732544,bot
u239895893,bot
u239958387,bot
u240418696,bot
u240422007,bot
u241041165,bot
u241289593,bot
u241553849,bot
u242186430,bot
u242206951,bot
u242823330,bot
u243556904,bot
u244254961,bot
u244447055,bot
u244494343,bot
u244812839,bot
u244831080,bot
u245280307,bot
u245685332,bot
u246498796,bot
u247046793,bot
u247228824,bot
u247979863,bot
u248186960,bot
u249011468,bot
u249292320,bot
u250216358,bot
u250231381,bot
u250440746,bot
u250970687,bot
u251855577,bot
u251993823,bot
u252139342,bot
u252818860,bot
u253111142,bot
u253153974,bot
u253239439,bot
u253830036,bot
u254059795,bot
u254247600,bot
u254545789,bot
u254618989,bot
u254716078,bot
u254797049,bot
u254839933,bot
u254976820,bot
u255078443,bot
u255195150,bot
u256375885,bot
u257278802,bot
u257361062,bot
u258069307,bot
u258322288,bot
u259042485,bot
u259396381,bot
u259706720,bot
u260440734,bot
u261627134,bot
u261915122,bot
u261931118,bot
u262867461,bot
u263925079,bot
u264569198,bot
u265551997,bot
u265617529,bot
u267092571,bot
u267781978,bot
u269201871,bot
u270442712,bot
u270494010,bot
u270595940,bot
u271282733,bot
u271619712,bot
u271688114,bot
u273003648,bot
u273432870,bot
u275595583,bot
u275881452,bot
u277203011,bot
u279388955,bot
u281029466,bot
u282715534,bot
u282813691,bot
u284375210,bot
u287086995,bot
u288912572,bot
u289531155,bot
u289776209,bot
u290215487,bot
u291191096,bot
u291362552,bot
u291614887,bot
u291630964,bot
u292442271,bot
u292533078,bot
u293830909,bot
u294584209,bot
u294687282,bot
u295202314,bot
u295394982,bot
u297255017,bot
u297443102,bot
u298295076,bot
u299104372,bot
u299114435,bot
u299179041,bot
u299795500,bot
u300344289,bot
u300387928,bot
u301529735,bot
u302513351,bot
u302762747,bot
u303360713,bot
u303469076,bot
u304395014,bot
u305892291,bot
u306062587,bot
u306215704,bot
u307819895,bot
u308717452,bot
u309434421,bot
u309900085,bot
u310445390,bot
u311104404,bot
u311705162,bot
u314248094,bot
u314366190,bot
u315492745,bot
u316402288,bot
u316585017,bot
u317248347,bot
u317330851,bot
u318156874,bot
u319071294,bot
u319293982,bot
u319802566,bot
u320725572,bot
u321325799,bot
u321581818,bot
u322334942,bot
u322560937,bot
u325767923,bot
u325772833,bot
u326061413,bot
u326241359,bot
u328246965,bot
u328612451,bot
u329378024,bot
u329489449,bot
u329804273,bot
u330273328,bot
u332882634,bot
u333805197,bot
u334249560,bot
u334938683,bot
u335052095,bot
u335610997,bot
u335622384,bot
u336713356,bot
u337161218,bot
u337375148,bot
u337653685,bot
u338107834,bot
u338873800,bot
u341335650,bot
u343528144,bot
u343814415,bot
u344217570,bot
u344796697,bot
u346369787,bot
u346747046,bot
u346747623,bot
u346754293,bot
u346790259,bot
u347430365,bot
u348489687,bot
u349013016,bot
u349398753,bot
u349979518,bot
u350039038,bot
u351514291,bot
u351889016,bot
u353874433,bot
u354306025,bot
u355303911,bot
u355821619,bot
u355843642,bot
u355993172,bot
u356172796,bot
u356674188,bot
u357101224,bot
u357173405,bot
u357756459,bot
u358260127,bot
u358263991,bot
u359203826,bot
u359500422,bot
u359767242,bot
u361350314,bot
u362228315,bot
u365334598,bot
u367125353,bot
u368596513,bot
u370733068,bot
u372445623,bot
u373612487,bot
u374770627,bot
u375005417,bot
u375106107,bot
u375174626,bot
u377408959,bot
u377924610,bot
u377994769,bot
u379259119,bot
u380246735,bot
u380597201,bot
u382916532,bot
u383379752,bot
u383515070,bot
u383771160,bot
u384435379,bot
u384501016,bot
u388036783,bot
u389134388,bot
u389632220,bot
u390471074,bot
u391017238,bot
u392188753,bot
u393320691,bot
u394301693,bot
u394416247,bot
u394725471,bot
u395021188,bot
u395436399,bot
u395458764,bot
u396755498,bot
u397497470,bot
u397930399,bot
u398429222,bot
u398813548,bot
u400069220,bot
u401190123,bot
u401287742,bot
u402630337,bot
u404334610,bot
u407371142,bot
u407868184,bot
u411288201,bot
u412025289,bot
u412614875,bot
u413650968,bot
u414022154,bot
u415190109,bot
u415627855,bot
u416995459,bot
u417755580,bot
u420200172,bot
u420658286,bot
u421419585,bot
u422318647,bot
u422395359,bot
u422415442,bot
u422850440,bot
u423342037,bot
u433346840,bot
u433495525,bot
u435591257,bot
u435599018,bot
u435740269,bot
u442508258,bot
u442773631,bot
u443037335,bot
u444175307,bot
u445718322,bot
u447009557,bot
u448116475,bot
u448310199,bot
u450179797,bot
u451920644,bot
u452825048,bot
u454616346,bot
u454919703,bot
u455070011,bot
u457013718,bot
u460188434,bot
u460577572,bot
u463203300,bot
u465998255,bot
u466557338,bot
u468338356,bot
u469178446,bot
u469578533,bot
u475035176,bot
u475549626,bot
u479340177,bot
u479630075,bot
u481928900,bot
u486647349,bot
u487650514,bot
u487827567,bot
u490713181,bot
u490960729,bot
u491750411,bot
u499854962,bot
u501962011,bot
u503624688,bot
u504867024,bot
u506275240,bot
u508032449,bot
u509038409,bot
u511263887,bot
u512084670,bot
u514736144,bot
u514818877,bot
u515730170,bot
u520214369,bot
u520701091,bot
u523035519,bot
u523607344,bot
u529329358,bot
u534488325,bot
u537276941,bot
u538558418,bot
u542412215,bot
u544481555,bot
u544610571,bot
u544805302,bot
u545540431,bot
u545647644,bot
u546818678,bot
u547113501,bot
u548300100,bot
u550717230,bot
u553924029,bot
u554590139,bot
u555263333,bot
u558153258,bot
u562152074,bot
u563363271,bot
u563914220,bot
u564015559,bot
u566429313,bot
u569994470,bot
u571300851,bot
u580423549,bot
u582554537,bot
u582855209,bot
u584681101,bot
u585883867,bot
u586738651,bot
u588962156,bot
u590916061,bot
u597614760,bot
u605294402,bot
u607732940,bot
u611238815,bot
u611817370,bot
u626820204,bot
u630700348,bot
u635863952,bot
u717691526,bot
u735242102,bot
u759191942,bot
u764770615,bot
u794003875,bot
u837889771,bot
u845770021,bot
u858707286,bot
u869150966,bot
u909766628,bot
u921913526,bot
u936112358,bot
u951793016,bot
u966110664,bot
u973256785,bot
u989855300,bot
u1013213588,bot
u1017855660,bot
u1023549769,bot
u1030686715,bot
u1098285654,bot
u1122936860,bot
u1129397028,bot
u1151673038,bot
u1281271908,bot
u1120176186,bot
u1124249136,bot
u1124264132,bot
u1124293891,bot
u1124295318,bot
u1124301420,bot
u1124314592,bot
u1124348202,bot
u1124360551,bot
u1124407771,bot
u1124447899,bot
u1124453858,bot
u1124459342,bot
u1124512352,bot
u1124542038,bot
u1124550980,bot
u1124613985,bot
u1124616192,bot
u1124632188,bot
u1124643068,bot
u1124711090,bot
u1124739583,bot
u1124770110,bot
u1124788411,bot
u1124807293,bot
u1125327924,bot
u1125357410,bot
u1125395220,bot
u1125604190,bot
u1125863318,bot
u1125890246,bot
u1125962952,bot
u1125979442,bot
u1126034406,bot
u1126057680,bot
u1126097768,bot
u1126130328,bot
u1126192496,bot
u1126249350,bot
u1126399904,bot
u1126405698,bot
u1126439455,bot
u1126623571,bot
u1126840332,bot
u1126853088,bot
u1126864016,bot
u1126883186,bot
u1126886184,bot
u1126890631,bot
u1126890798,bot
u1126916953,bot
u1126921074,bot
u1126944366,bot
u1126950427,bot
u1126958802,bot
u1126962823,bot
u1126969171,bot
u1126978626,bot
u1126989775,bot
u1127005453,bot
u1127010846,bot
u1127012520,bot
u1127013050,bot
u1127015257,bot
u1127023860,bot
u1127025932,bot
u1127026316,bot
u1127029874,bot
u1127034602,bot
u1127036438,bot
u1127042088,bot
u1127056663,bot
u1127059790,bot
u1127064612,bot
u1127064944,bot
u1127066796,bot
u1127067181,bot
u1127077592,bot
u1127080364,bot
u1127081611,bot
u1127094674,bot
u1127105233,bot
u1127105250,bot
u1127105509,bot
u1127114233,bot
u1127132214,bot
u1127137806,bot
u1127139246,bot
u1127150011,bot
u1127151044,bot
u1127159532,bot
u1127165334,bot
u1127165706,bot
u1127167910,bot
u1127173856,bot
u1127177594,bot
u1127183491,bot
u1127186004,bot
u1127193253,bot
u1127205985,bot
u1127216318,bot
u1127218854,bot
u1127237954,bot
u1127238390,bot
u1127241931,bot
u1127260807,bot
u1127260830,bot
u1127286650,bot
u1127292505,bot
u1127295116,bot
u1127297354,bot
u1127302868,bot
u1127303257,bot
u1127305652,bot
u1127314142,bot
u1127315730,bot
u1127321995,bot
u1127324448,bot
u1127332626,bot
u1127347267,bot
u1127356506,bot
u1127371730,bot
u1127373948,bot
u1127389794,bot
u1127391530,bot
u1127400348,bot
u1127411401,bot
u1127412650,bot
u1127420304,bot
u1127433188,bot
u1127455501,bot
u1127457121,bot
u1127465958,bot
u1127478085,bot
u1127478864,bot
u1127484458,bot
u1127492659,bot
u1127500874,bot
u1127510060,bot
u1127515314,bot
u1127536843,bot
u1127547493,bot
u1127575758,bot
u1127578410,bot
u1127581338,bot
u1127582702,bot
u1127585838,bot
u1127587958,bot
u1127590879,bot
u1127622661,bot
u1127632998,bot
u1127645011,bot
u1127646002,bot
u1127680646,bot
u1127687125,bot
u1127688234,bot
u1127708762,bot
u1127733422,bot
u1127751793,bot
u1127757781,bot
u1127769554,bot
u1127771377,bot
u1127772014,bot
u1127772061,bot
u1127789000,bot
u1127809698,bot
u1127816366,bot
u1127822533,bot
u1127827542,bot
u1127828666,bot
u1127833051,bot
u1127833470,bot
u1127838836,bot
u1127839795,bot
u1127841853,bot
u1127844894,bot
u1127846953,bot
u1127847366,bot
u1127849112,bot
u1127880368,bot
u1127891892,bot
u1127892150,bot
u1127894718,bot
u1127910840,bot
u1127911933,bot
u1127914004,bot
u1127928967,bot
u1127942606,bot
u1127946307,bot
u1127948335,bot
u1127956224,bot
u1127963340,bot
u1127990198,bot
u1127992975,bot
u1128007729,bot
u1128012338,bot
u1128062406,bot
u1128096152,bot
u1128100808,bot
u1128144613,bot
u1128183726,bot
u1128187680,bot
u1128223321,bot
u1128246662,bot
u1128246877,bot
u1128250548,bot
u1128251834,bot
u1128254628,bot
u1128259464,bot
u1128263910,bot
u1128269808,bot
u1128284804,bot
u1128300438,bot
u1128302586,bot
u1128304272,bot
u1128315416,bot
u1128338522,bot
u1128339972,bot
u1128353106,bot
u1128355266,bot
u1128356431,bot
u1128358752,bot
u1128360218,bot
u1128361064,bot
u1128363565,bot
u1128379118,bot
u1128394315,bot
u1128398388,bot
u1128398868,bot
u1128403068,bot
u1128408271,bot
u1128419868,bot
u1128426180,bot
u1128442424,bot
u1128458438,bot
u1128470257,bot
u1128478110,bot
u1128486390,bot
u1128487490,bot
u1128493195,bot
u1128511538,bot
u1128517003,bot
u1128518971,bot
u1128530372,bot
u1128530996,bot
u1128546150,bot
u1128581702,bot
u1128584436,bot
u1128588481,bot
u1128629346,bot
u1128635107,bot
u1128650161,bot
u1128666674,bot
u1128680906,bot
u1128697718,bot
u1128706746,bot
u1128718424,bot
u1128728185,bot
u1128764245,bot
u1128816360,bot
u1128822200,bot
u1128835686,bot
u1128838741,bot
u1128888824,bot
u1128898598,bot
u1128909049,bot
u1128950598,bot
u1128958266,bot
u1129012411,bot
u1129016887,bot
u1129016958,bot
u1129032277,bot
u1129034947,bot
u1129036489,bot
u1129040058,bot
u1129076226,bot
u1129089662,bot
u1129160047,bot
u1129208234,bot
u1129288938,bot
u1129290072,bot
u1129308841,bot
u1129326936,bot
u1129401444,bot
u1129477836,bot
u1129533908,bot
u1129546351,bot
u1129592161,bot
u1129664180,bot
u1129684128,bot
u1129729476,bot
u1129803002,bot
u1129813304,bot
u1129844922,bot
u1129871070,bot
u1129874462,bot
u1129878464,bot
u1129881680,bot
u1129884836,bot
u1129894363,bot
u1129895606,bot
u1129901942,bot
u1129905792,bot
u1129909232,bot
u1129910358,bot
u1129914116,bot
u1129918525,bot
u1129919382,bot
u1129919550,bot
u1129919894,bot
u1129919918,bot
u1129923780,bot
u1129936399,bot
u1129937737,bot
u1129940900,bot
u1129948556,bot
u1129950846,bot
u1129967911,bot
u1129972454,bot
u1130000658,bot
u1130054029,bot
u1130064529,bot
u1130087737,bot
u1130107830,bot
u1130110020,bot
u1130123028,bot
u1130156677,bot
u1130157896,bot
u1130157979,bot
u1130158777,bot
u1130167357,bot
u1130207582,bot
u1130213556,bot
u1130216966,bot
u1130225450,bot
u1130227346,bot
u1130234461,bot
u1130238283,bot
u1130249922,bot
u1130259265,bot
u1130261916,bot
u1130266422,bot
u1130268866,bot
u1130270131,bot
u1130271691,bot
u1130283200,bot
u1130284382,bot
u1130288748,bot
u1130295176,bot
u1130295224,bot
u1130298409,bot
u1130305728,bot
u1130310120,bot
u1130312287,bot
u1130321509,bot
u1130335195,bot
u1130376991,bot
u1130379475,bot
u1130384803,bot
u1130386950,bot
u1130396822,bot
u1130403349,bot
u1130403487,bot
u1130409716,bot
u1130415098,bot
u1130419537,bot
u1130458686,bot
u1130485616,bot
u1130518314,bot
u1130522202,bot
u1130534586,bot
u1130534930,bot
u1130535104,bot
u1130538576,bot
u1130539062,bot
u1130543052,bot
u1130546598,bot
u1130549228,bot
u1130557500,bot
u1130570449,bot
u1130581675,bot
u1130623285,bot
u1174317492,bot
u1174318656,bot
u1174321254,bot
u1174322688,bot
u1174330058,bot
u1174330140,bot
u1174330976,bot
u1174331114,bot
u1174331750,bot
u1174332248,bot
u1174332702,bot
u1174333064,bot
u1174334636,bot
u1174335446,bot
u1174336873,bot
u1174337233,bot
u1174338175,bot
u1174341054,bot
u1174341847,bot
u1174342740,bot
u1174345260,bot
u1174346100,bot
u1174349246,bot
u1174352293,bot
u1174352306,bot
u1174354111,bot
u1174357212,bot
u1174357490,bot
u1174357622,bot
u1174357974,bot
u1174359487,bot
u1174360562,bot
u1174361588,bot
u1174366058,bot
u1174366548,bot
u1174367258,bot
u1174367996,bot
u1174372298,bot
u1174373569,bot
u1174374654,bot
u1174379054,bot
u1174379509,bot
u1174382539,bot
u1174383524,bot
u1174387664,bot
u1174394299,bot
u1174395410,bot
u1174396243,bot
u1174396562,bot
u1174397630,bot
u1174398458,bot
u1174399688,bot
u1174400497,bot
u1174402410,bot
u1174402488,bot
u1174403390,bot
u1174403612,bot
u1174407720,bot
u1174409298,bot
u1174410324,bot
u1174410596,bot
u1174411070,bot
u1174412929,bot
u1174413146,bot
u1174413920,bot
u1174414201,bot
u1174414464,bot
u1174417388,bot
u1174417476,bot
u1174418749,bot
u1174420022,bot
u1174420404,bot
u1174420830,bot
u1174425121,bot
u1174425702,bot
u1174427628,bot
u1174429087,bot
u1174429314,bot
u1174430569,bot
u1174431032,bot
u1174431079,bot
u1174433286,bot
u1174433768,bot
u1174434985,bot
u1174435530,bot
u1174435964,bot
u1174436491,bot
u1174437590,bot
u1174437858,bot
u1174438993,bot
u1174441682,bot
u1174443134,bot
u1174444022,bot
u1174444872,bot
u1174445989,bot
u1174448394,bot
u1174450668,bot
u1174450896,bot
u1174450927,bot
u1174453920,bot
u1174457058,bot
u1174464710,bot
u1174471358,bot
u1174472161,bot
u1174472216,bot
u1174497528,bot
u1174509800,bot
u1174510238,bot
u1174514420,bot
u1174515163,bot
u1174515206,bot
u1174518524,bot
u1174529258,bot
u1174530324,bot
u1174534844,bot
u1174536254,bot
u1174538528,bot
u1174539534,bot
u1174540080,bot
u1174541538,bot
u1174543622,bot
u1174545259,bot
u1174546525,bot
u1174549280,bot
u1174550834,bot
u1174550876,bot
u1174552537,bot
u1174553017,bot
u1174554060,bot
u1174560156,bot
u1174560212,bot
u1174562730,bot
u1174564464,bot
u1174566572,bot
u1174575835,bot
u1174577719,bot
u1174577899,bot
u1174580582,bot
u1174581626,bot
u1174585309,bot
u1174585699,bot
u1174600752,bot
u1174601928,bot
u1174602234,bot
u1174602264,bot
u1174603392,bot
u1174616234,bot
u1174616899,bot
u1174619377,bot
u1174619839,bot
u1174620793,bot
u1174621862,bot
u1174622065,bot
u1174622690,bot
u1174622822,bot
u1174627123,bot
u1174628442,bot
u1174631851,bot
u1174632889,bot
u1174638079,bot
u1174638181,bot
u1174641072,bot
u1174641955,bot
u1174642170,bot
u1174643364,bot
u1174643767,bot
u1174644632,bot
u1174644924,bot
u1174648291,bot
u1174648296,bot
u1174649256,bot
u1174649970,bot
u1174651890,bot
u1174652005,bot
u1174656450,bot
u1174657488,bot
u1174660242,bot
u1174662523,bot
u1174665463,bot
u1174670046,bot
u1174672777,bot
u1174676743,bot
u1174679113,bot
u1174679323,bot
u1174679592,bot
u1174679700,bot
u1174680708,bot
u1174682425,bot
u1174684076,bot
u1174684957,bot
u1174688455,bot
u1174688940,bot
u1174694204,bot
u1174695224,bot
u1174696087,bot
u1174699399,bot
u1174700300,bot
u1174703832,bot
u1174706054,bot
u1174706798,bot
u1174707146,bot
u1174709269,bot
u1174710902,bot
u1174711836,bot
u1174712372,bot
u1174713944,bot
u1174717800,bot
u1174719445,bot
u1174723886,bot
u1174724869,bot
u1174725366,bot
u1174725740,bot
u1174727760,bot
u1174728433,bot
u1174728950,bot
u1174733100,bot
u1174734559,bot
u1174735315,bot
u1174738568,bot
u1174739257,bot
u1174739436,bot
u1174739780,bot
u1174739790,bot
u1174740535,bot
u1174742864,bot
u1174743122,bot
u1174743524,bot
u1174744404,bot
u1174750884,bot
u1174751144,bot
u1174753764,bot
u1174754300,bot
u1174756808,bot
u1174757941,bot
u1174759088,bot
u1174760396,bot
u1174762351,bot
u1174763443,bot
u1174767468,bot
u1174768531,bot
u1174771410,bot
u1174771632,bot
u1174773318,bot
u1174773870,bot
u1174775082,bot
u1174777898,bot
u1174778406,bot
u1174778426,bot
u1174780532,bot
u1174780674,bot
u1174780777,bot
u1174781010,bot
u1174781425,bot
u1174785036,bot
u1174787304,bot
u1174789676,bot
u1174790898,bot
u1174792195,bot
u1174793102,bot
u1174797008,bot
u1174800103,bot
u1174804556,bot
u1174810141,bot
u1174811528,bot
u1174812978,bot
u1174816452,bot
u1174818390,bot
u1174818847,bot
u1174819256,bot
u1174823942,bot
u1174824824,bot
u1174826773,bot
u1174831039,bot
u1174832804,bot
u1174832875,bot
u1174842428,bot
u1174845720,bot
u1174847785,bot
u1174848200,bot
u1174850017,bot
u1174850107,bot
u1174851198,bot
u1174851200,bot
u1174851499,bot
u1174851782,bot
u1174853904,bot
u1174854703,bot
u1174855417,bot
u1174860890,bot
u1174865594,bot
u1174869769,bot
u1174872318,bot
u1174872906,bot
u1174873122,bot
u1174874869,bot
u1174876764,bot
u1174879028,bot
u1174885004,bot
u1174885962,bot
u1174887464,bot
u1174889395,bot
u1174889473,bot
u1174898036,bot
u1174898930,bot
u1174900471,bot
u1174901988,bot
u1174902313,bot
u1174905187,bot
u1174905692,bot
u1174906022,bot
u1174908596,bot
u1174909136,bot
u1174909753,bot
u1174911457,bot
u1174912687,bot
u1174913503,bot
u1174914138,bot
u1174915280,bot
u1174917374,bot
u1174918586,bot
u1174918676,bot
u1174924308,bot
u1174925106,bot
u1174926474,bot
u1174927723,bot
u1174929679,bot
u1174931708,bot
u1174933712,bot
u1174942093,bot
u1174944276,bot
u1174944620,bot
u1174944751,bot
u1174946815,bot
u1174948008,bot
u1174950420,bot
u1174959522,bot
u1174959793,bot
u1174962156,bot
u1174962506,bot
u1174966651,bot
u1174970576,bot
u1174971644,bot
u1174973954,bot
u1174977254,bot
u1174977500,bot
u1174980182,bot
u1174981094,bot
u1174982719,bot
u1174982916,bot
u1174983931,bot
u1174986182,bot
u1174991155,bot
u1174993226,bot
u1174994395,bot
u1174994587,bot
u1174998572,bot
u1174998998,bot
u1175000504,bot
u1175002777,bot
u1175003000,bot
u1175005345,bot
u1175006178,bot
u1175009000,bot
u1175011722,bot
u1175011819,bot
u1175012948,bot
u1175015820,bot
u1175016295,bot
u1175021809,bot
u1175021929,bot
u1175025552,bot
u1175025703,bot
u1175028782,bot
u1175029616,bot
u1175029759,bot
u1175030514,bot
u1175031572,bot
u1175034534,bot
u1175035327,bot
u1175036250,bot
u1175038892,bot
u1175039382,bot
u1175044778,bot
u1175053682,bot
u1175055697,bot
u1175057606,bot
u1175061374,bot
u1175062507,bot
u1175062736,bot
u1175064218,bot
u1175586606,bot
u1175587045,bot
u1175589799,bot
u1175593494,bot
u1175597359,bot
u1175602278,bot
u1175603822,bot
u1175607174,bot
u1175612930,bot
u1175614022,bot
u1175615983,bot
u1175618972,bot
u1175622312,bot
u1175624556,bot
u1175626327,bot
u1175627468,bot
u1175629178,bot
u1175629302,bot
u1175629345,bot
u1175633166,bot
u1175634584,bot
u1175642052,bot
u1175643704,bot
u1175650981,bot
u1175651917,bot
u1175653093,bot
u1175654954,bot
u1175656208,bot
u1175663832,bot
u1175669130,bot
u1175670450,bot
u1175671008,bot
u1175671908,bot
u1175672016,bot
u1175675402,bot
u1175677580,bot
u1175678250,bot
u1175681424,bot
u1175686850,bot
u1175690418,bot
u1175691536,bot
u1175693322,bot
u1175699864,bot
u1175700618,bot
u1175705202,bot
u1175707070,bot
u1175709380,bot
u1175711664,bot
u1175717354,bot
u1175717377,bot
u1175718902,bot
u1175719664,bot
u1175720130,bot
u1175724174,bot
u1175724680,bot
u1175726604,bot
u1175728784,bot
u1175729280,bot
u1175729749,bot
u1175730253,bot
u1175730272,bot
u1175731862,bot
u1175732936,bot
u1175734488,bot
u1175737790,bot
u1175739433,bot
u1175740225,bot
u1175741276,bot
u1175742600,bot
u1175748294,bot
u1175753239,bot
u1175754096,bot
u1175754902,bot
u1175755050,bot
u1175757835,bot
u1175758454,bot
u1175762274,bot
u1175764808,bot
u1175767867,bot
u1175768702,bot
u1175771509,bot
u1175772264,bot
u1175773806,bot
u1175774436,bot
u1175777869,bot
u1175782370,bot
u1175784950,bot
u1175787168,bot
u1175788465,bot
u1175790841,bot
u1175791177,bot
u1175791452,bot
u1175793452,bot
u1175797100,bot
u1175801724,bot
u1175803050,bot
u1175806116,bot
u1175810197,bot
u1175816443,bot
u1175818194,bot
u1175819569,bot
u1175820103,bot
u1175825581,bot
u1175825840,bot
u1175826542,bot
u1175828748,bot
u1175830736,bot
u1175831797,bot
u1175832804,bot
u1175833148,bot
u1175834918,bot
u1175835392,bot
u1175835961,bot
u1175837136,bot
u1175840936,bot
u1175841943,bot
u1175842940,bot
u1175848021,bot
u1175850312,bot
u1175850661,bot
u1175854238,bot
u1175859344,bot
u1175859786,bot
u1175860957,bot
u1175864395,bot
u1175865152,bot
u1175868074,bot
u1175869250,bot
u1175870539,bot
u1175871524,bot
u1175871572,bot
u1175872345,bot
u1175874906,bot
u1175878608,bot
u1175879124,bot
u1175881286,bot
u1175883632,bot
u1175889578,bot
u1175892296,bot
u1175897185,bot
u1175897192,bot
u1175898612,bot
u1175898787,bot
u1175899693,bot
u1175901152,bot
u1175901596,bot
u1175904811,bot
u1175918527,bot
u1175922644,bot
u1175928048,bot
u1175931889,bot
u1175933034,bot
u1175933244,bot
u1175937380,bot
u1175937997,bot
u1175940716,bot
u1175943655,bot
u1175951042,bot
u1175956076,bot
u1175957444,bot
u1175959812,bot
u1175960761,bot
u1175961673,bot
u1175962808,bot
u1175963400,bot
u1175963882,bot
u1175968452,bot
u1175968620,bot
u1175970198,bot
u1175971171,bot
u1175972964,bot
u1175979866,bot
u1175980453,bot
u1175980688,bot
u1175982799,bot
u1175984785,bot
u1175990276,bot
u1175992374,bot
u1175993282,bot
u1175993419,bot
u1175994012,bot
u1175995525,bot
u1176005634,bot
u1176006872,bot
u1176010664,bot
u1176016050,bot
u1176023660,bot
u1176024900,bot
u1176026473,bot
u1176030852,bot
u1176031873,bot
u1176037639,bot
u1176037879,bot
u1176038917,bot
u1176039984,bot
u1176040076,bot
u1176043460,bot
u1176044797,bot
u1176045456,bot
u1176047184,bot
u1176054547,bot
u1176056719,bot
u1176058368,bot
u1176060193,bot
u1176060493,bot
u1176062197,bot
u1176063571,bot
u1176064104,bot
u1176067166,bot
u1176069402,bot
u1176070208,bot
u1176074173,bot
u1176074503,bot
u1176077330,bot
u1176078956,bot
u1176090313,bot
u1176091038,bot
u1176092251,bot
u1176098786,bot
u1176100699,bot
u1176104192,bot
u1176105391,bot
u1176106022,bot
u1176119413,bot
u1176120223,bot
u1176120306,bot
u1176122473,bot
u1176127140,bot
u1176127388,bot
u1176129667,bot
u1176131065,bot
u1176131214,bot
u1176132600,bot
u1176135906,bot
u1176141625,bot
u1176144564,bot
u1176149502,bot
u1176150378,bot
u1176151704,bot
u1176156234,bot
u1176157068,bot
u1176165122,bot
u1176168408,bot
u1176169747,bot
u1176172730,bot
u1176173497,bot
u1176174571,bot
u1176175699,bot
u1176175902,bot
u1176177198,bot
u1176177984,bot
u1176179941,bot
u1176184358,bot
u1176186649,bot
u1176187844,bot
u1176188922,bot
u1176194707,bot
u1176194977,bot
u1176197136,bot
u1176197437,bot
u1176198690,bot
u1176206108,bot
u1176206504,bot
u1176209923,bot
u1176210602,bot
u1176210817,bot
u1176213703,bot
u1176214640,bot
u1176215258,bot
u1176215833,bot
u1176216530,bot
u1176217807,bot
u1176218598,bot
u1176219258,bot
u1176220436,bot
u1176220860,bot
u1176221054,bot
u1176223429,bot
u1176224780,bot
u1176225534,bot
u1176230322,bot
u1176233665,bot
u1176241388,bot
u1176241837,bot
u1176246091,bot
u1176246264,bot
u1176247080,bot
u1176247873,bot
u1176248545,bot
u1176249991,bot
u1176253664,bot
u1176253998,bot
u1176256675,bot
u1176258355,bot
u1176258824,bot
u1176259471,bot
u1176263858,bot
u1176264324,bot
u1176265566,bot
u1176266245,bot
u1176267386,bot
u1176267397,bot
u1176267853,bot
u1176268088,bot
u1176269809,bot
u1176270469,bot
u1176270474,bot
u1176271057,bot
u1176272004,bot
u1176272094,bot
u1176274290,bot
u1176275664,bot
u1176277345,bot
u1176277519,bot
u1176278306,bot
u1176279901,bot
u1176281940,bot
u1176282888,bot
u1176283176,bot
u1176286628,bot
u1176287881,bot
u1176288571,bot
u1176290131,bot
u1176291828,bot
u1176294272,bot
u1176297974,bot
u1176298260,bot
u1176298465,bot
u1176301609,bot
u1176306596,bot
u1176308588,bot
u1176308636,bot
u1176311347,bot
u1176312241,bot
u1176314646,bot
u1176315806,bot
u1176318060,bot
u1176319297,bot
u1176319747,bot
u1176324859,bot
u1176325658,bot
u1176328567,bot
u1176329052,bot
u1176329180,bot
u1176335570,bot
u1176337327,bot
u1176340279,bot
u1176342218,bot
u1176344048,bot
u1176344617,bot
u1176344652,bot
u1176348397,bot
u1176352386,bot
u1176354278,bot
u1176358165,bot
u1176362071,bot
u1176363709,bot
u1176365454,bot
u1176368023,bot
u1176372842,bot
u1176374071,bot
u1176374623,bot
u1176374978,bot
u1176379910,bot
u1176380456,bot
u1176381007,bot
u1176381348,bot
u1176382580,bot
u1176384235,bot
u1176385015,bot
u1176387745,bot
u1176388189,bot
u1176388351,bot
u1176390672,bot
u1176393222,bot
u1176394070,bot
u1176398449,bot
u1176404611,bot
u1176405116,bot
u1176405830,bot
u1176409034,bot
u1176412364,bot
u1176416144,bot
u1176418405,bot
u1176419695,bot
u1176421460,bot
u1176422048,bot
u1176426272,bot
u1176427063,bot
u1127000612,bot
u1127093012,bot
u1127322342,bot
u1128385638,bot
u1128865231,bot
u1130046366,bot
u1176159360,bot
u1176392124,bot
